state,date,sentiment,total,row,col,pval
NY,1.5,-0.124929839465428,98172,3,11,0.0
NY,3.5,-0.060137755413878495,189790,3,11,0.0
NY,5.5,-0.0911182384903753,47482,3,11,1.301e-238
NY,7.5,-0.11209706438168217,38629,3,11,5.895e-296
NY,9.5,-0.08605748353874725,23692,3,11,5.311e-122
NY,11.5,-0.04355276711091033,22135,3,11,1.714e-23
NY,13.5,-0.04471313479932946,20282,3,11,3.071e-30
NY,15.5,-0.016698756811989103,17616,3,11,0.001886
NY,17.5,-0.057970158976810904,16732,3,11,1.925e-33
NY,19.5,-0.048337867785487605,18591,3,11,2.559e-25
NY,21.5,-0.024900847978370406,16274,3,11,1.803e-05
NY,23.5,-0.03134425150049531,17161,3,11,1.695e-13
NY,25.5,-0.01830036172497598,17693,3,11,3.36e-06
NY,27.5,-0.03494626282087607,17647,3,11,1.515e-12
NY,29.5,-0.06299795929502919,18327,3,11,9.804e-42
NY,31.0,-0.05000623220821472,9836,3,11,5.477e-15
ALL,1.5,-0.13768878370431284,1537192,0,0,0.0
ALL,3.5,-0.068507915672597,2640660,0,0,0.0
ALL,5.5,-0.0867773876543786,685652,0,0,0.0
ALL,7.5,-0.12093583174243051,542145,0,0,0.0
ALL,9.5,-0.08992171449844931,333077,0,0,0.0
ALL,11.5,-0.04620519808336728,319310,0,0,0.0
ALL,13.5,-0.04764676989687782,308566,0,0,0.0
ALL,15.5,-0.02044792389127553,251167,0,0,4.204e-69
ALL,17.5,-0.052284443509446825,249555,0,0,0.0
ALL,19.5,-0.05151059260080148,279733,0,0,0.0
ALL,21.5,-0.02612180859756379,238649,0,0,2.802e-95
ALL,23.5,-0.026362225135546938,258582,0,0,6.24e-116
ALL,25.5,-0.014476333208827344,259693,0,0,2.039e-36
ALL,27.5,-0.0250568264605075,260252,0,0,1.778e-95
ALL,29.5,-0.0608839230774989,267178,0,0,0.0
ALL,31.0,-0.05359489678453639,141597,0,0,1.943e-221
TX,1.5,-0.13593940870075563,136310,7,5,0.0
TX,3.5,-0.07146324034919602,227494,7,5,0.0
TX,5.5,-0.07437498722447451,58706,7,5,7.681e-198
TX,7.5,-0.12209598535971633,43715,7,5,0.0
TX,9.5,-0.09258504892943858,27182,7,5,1.087e-137
TX,11.5,-0.057627690427429476,30274,7,5,3.404e-64
TX,13.5,-0.04789270770691565,31595,7,5,1.003e-45
TX,15.5,-0.03279496665184527,22490,7,5,1.07e-16
TX,17.5,-0.06970035113506451,24492,7,5,2.63e-71
TX,19.5,-0.056376146891394134,26877,7,5,1.19e-57
TX,21.5,-0.028022591625477943,21446,7,5,6.802e-12
TX,23.5,-0.030739788806758185,23675,7,5,2.766e-13
TX,25.5,-0.01391308427920279,22378,7,5,2.907e-06
TX,27.5,-0.02860019179634715,22941,7,5,1.903e-11
TX,29.5,-0.07344573580384271,23369,7,5,3.207e-80
TX,31.0,-0.055134131035059826,11951,7,5,7.751e-25
NC,1.5,-0.14816879323597235,36428,6,10,0.0
NC,3.5,-0.04009472897994025,65604,6,10,1.666e-64
NC,5.5,-0.08367371039539145,15276,6,10,2.17e-63
NC,7.5,-0.1332965899330012,11642,6,10,4.728e-123
NC,9.5,-0.09035813120176406,7256,6,10,6.14e-44
NC,11.5,-0.04959866239375784,7177,6,10,6.847e-13
NC,13.5,-0.04583929048537925,6737,6,10,4.786e-10
NC,15.5,-0.026048299065420565,5350,6,10,0.0003826
NC,17.5,-0.041647836363636365,5500,6,10,1.476e-07
NC,19.5,-0.037619587466540705,6351,6,10,2.177e-08
NC,21.5,-0.023324653045489595,5188,6,10,0.01603
NC,23.5,-0.02939104298681281,5839,6,10,0.0003601
NC,25.5,-0.015523444308872232,5737,6,10,0.05087
NC,27.5,-0.03489733733027685,5671,6,10,1.321e-05
NC,29.5,-0.05960511730703843,5882,6,10,2.524e-13
NC,31.0,-0.049706427648578806,3096,6,10,2.623e-05
FL,1.5,-0.1456974922463447,112850,8,9,0.0
FL,3.5,-0.0718266588208338,192034,8,9,0.0
FL,5.5,-0.09430542846064367,46422,8,9,3.058e-241
FL,7.5,-0.12077414943660433,36564,8,9,0.0
FL,9.5,-0.10778873835351307,22217,8,9,2.988e-157
FL,11.5,-0.04737888029573423,20559,8,9,1.006e-31
FL,13.5,-0.05711905379131561,20059,8,9,1.02e-42
FL,15.5,-0.034549189425115354,16038,8,9,7.023e-13
FL,17.5,-0.058754869717671236,16541,8,9,1.415e-39
FL,19.5,-0.06852620932277924,18192,8,9,1.285e-48
FL,21.5,-0.04798908649468893,16475,8,9,1.01e-22
FL,23.5,-0.04041318316944889,17492,8,9,3.138e-21
FL,25.5,-0.028614001248085323,17627,8,9,2.046e-10
FL,27.5,-0.03737837762393926,17912,8,9,8.638e-15
FL,29.5,-0.06444620588872049,18476,8,9,6.896e-46
FL,31.0,-0.06379676894940052,9842,8,9,4.688e-24
CA,1.5,-0.13805312509057888,207002,5,2,0.0
CA,3.5,-0.07513381863701464,354692,5,2,0.0
CA,5.5,-0.10044837213758745,104370,5,2,0.0
CA,7.5,-0.12630186451283953,86296,5,2,0.0
CA,9.5,-0.08500220434402221,52578,5,2,4.853e-237
CA,11.5,-0.045947482467890634,50764,5,2,1.36e-68
CA,13.5,-0.03946667382016115,51257,5,2,1.338e-52
CA,15.5,-0.011871547151861101,42045,5,2,0.0002408
CA,17.5,-0.045175840684566024,41603,5,2,4.784e-48
CA,19.5,-0.04466678787091747,46203,5,2,7.937e-52
CA,21.5,-0.018702494010019603,36728,5,2,7.571e-12
CA,23.5,-0.0226919094279661,37760,5,2,2.621e-12
CA,25.5,-0.00641768460871621,38067,5,2,0.0543
CA,27.5,-0.021365179874535907,39055,5,2,2.255e-10
CA,29.5,-0.06235068880435901,38908,5,2,4.196e-88
CA,31.0,-0.05227113300975633,20397,5,2,9.009e-39
GA,1.5,-0.13063798973250473,37010,7,9,0.0
GA,3.5,-0.04768826385400971,71676,7,9,1.59e-111
GA,5.5,-0.06425415141136177,16934,7,9,3.724e-44
GA,7.5,-0.12507293406506004,12573,7,9,2.922e-121
GA,9.5,-0.09322296720711934,8203,7,9,2.442e-44
GA,11.5,-0.0610131596676398,8906,7,9,6.468e-21
GA,13.5,-0.04536969545681478,8012,7,9,1.546e-10
GA,15.5,-0.04131327563683867,6124,7,9,8.013e-07
GA,17.5,-0.058289581095596135,6517,7,9,4.205e-14
GA,19.5,-0.054569909831297274,6876,7,9,3.701e-15
GA,21.5,-0.026838037135278516,5655,7,9,0.0004978
GA,23.5,-0.033844416040901104,6259,7,9,3.408e-05
GA,25.5,-0.007312756225647977,5903,7,9,0.1673
GA,27.5,-0.024585255570117957,6104,7,9,0.002319
GA,29.5,-0.06041213078502606,6331,7,9,4.91e-12
GA,31.0,-0.05646737392373923,3252,7,9,9.904e-08
VA,1.5,-0.13847151702786378,30362,6,9,0.0
VA,3.5,-0.0710953048058938,52394,6,9,1.271e-156
VA,5.5,-0.08890578587699317,13170,6,9,1.301e-69
VA,7.5,-0.12736703490531007,10772,6,9,4.322e-108
VA,9.5,-0.08569876870324189,6416,6,9,1.356e-32
VA,11.5,-0.04297611297271422,6267,6,9,1.801e-10
VA,13.5,-0.03785297723292469,5710,6,9,1.529e-08
VA,15.5,-0.026975323861262016,4786,6,9,0.00249
VA,17.5,-0.054621209503239745,4630,6,9,3.056e-09
VA,19.5,-0.053827577174929836,5345,6,9,1.297e-11
VA,21.5,-0.023644647071443894,4661,6,9,0.0483
VA,23.5,-0.01115324777887463,5065,6,9,0.1276
VA,25.5,-0.011817735413056035,5193,6,9,0.04592
VA,27.5,-0.01460142421159715,4915,6,9,0.05769
VA,29.5,-0.050148174516246806,5478,6,9,1.556e-08
VA,31.0,-0.0651212202480724,2983,6,9,8.273e-12
MI,1.5,-0.14735003394852167,32402,3,9,0.0
MI,3.5,-0.08483367841165378,54094,3,9,8.709e-230
MI,5.5,-0.09794996336996338,13650,3,9,3.94e-82
MI,7.5,-0.1387656786131321,11133,3,9,5.701e-137
MI,9.5,-0.0931540096055887,6871,3,9,5.485e-33
MI,11.5,-0.04361223041223041,7326,3,9,2.303e-10
MI,13.5,-0.05887468410226271,6806,3,9,1.37e-13
MI,15.5,-0.02975029986457729,5169,3,9,6.917e-05
MI,17.5,-0.05360726622989875,5037,3,9,2.012e-10
MI,19.5,-0.05963071986123156,5765,3,9,1.184e-12
MI,21.5,-0.03754596741344196,4910,3,9,3.738e-05
MI,23.5,-0.02507184912603496,5435,3,9,0.0004225
MI,25.5,-0.01461858273652469,5306,3,9,0.2126
MI,27.5,-0.028134100624794472,6082,3,9,1.441e-05
MI,29.5,-0.07473403579193845,5979,3,9,1.158e-22
MI,31.0,-0.056792148100861806,3133,3,9,1.234e-07
HI,1.5,-0.13647713841368583,5144,7,2,7.135e-59
HI,3.5,-0.09359903065825068,8872,7,2,3.76e-42
HI,5.5,-0.0918166266986411,2502,7,2,7.147e-12
HI,7.5,-0.15919590643274853,2223,7,2,3.476e-32
HI,9.5,-0.06962254641909814,1131,7,2,3.169e-05
HI,11.5,-0.06160304147465438,1085,7,2,1.244e-05
HI,13.5,-0.041908702791461416,1218,7,2,0.007372
HI,15.5,-0.05376157253599114,903,7,2,0.001454
HI,17.5,-0.04341805555555556,1008,7,2,0.04674
HI,19.5,-0.05937048736462094,1108,7,2,0.0007876
HI,21.5,-0.05554912087912088,910,7,2,0.009399
HI,23.5,-0.035658351177730196,934,7,2,0.03017
HI,25.5,-0.06106652542372881,944,7,2,0.002009
HI,27.5,-0.05070213903743315,935,7,2,0.02014
HI,29.5,-0.06926260416666666,960,7,2,0.0001787
HI,31.0,-0.09307316561844864,477,7,2,0.0003284
IA,1.5,-0.15957842696629213,7120,4,7,9.765e-107
IA,3.5,-0.056321897313838826,11764,4,7,1.614e-24
IA,5.5,-0.10789606848446419,3154,4,7,6.678e-23
IA,7.5,-0.1500090874379534,2619,4,7,1.317e-37
IA,9.5,-0.08110573248407642,1570,4,7,7.14e-09
IA,11.5,-0.04612260586319219,1535,4,7,0.09916
IA,13.5,-0.043717121918720854,1501,4,7,0.001563
IA,15.5,-0.011136598746081503,1276,4,7,0.3372
IA,17.5,-0.07312049441786285,1254,4,7,2.616e-06
IA,19.5,-0.0363424597364568,1366,4,7,0.06516
IA,21.5,-0.037266086956521734,1265,4,7,0.04115
IA,23.5,-0.018815642915642916,1221,4,7,0.2834
IA,25.5,-0.018303220611916266,1242,4,7,0.2521
IA,27.5,-0.040529420970266045,1278,4,7,0.0003271
IA,29.5,-0.1024860103626943,1351,4,7,2.337e-10
IA,31.0,-0.06556028169014083,710,4,7,0.04612
IN,1.5,-0.10171025408664737,57382,4,9,0.0
IN,3.5,-0.08903819285642012,98830,4,9,0.0
IN,5.5,-0.05858245998187859,26488,4,9,2.904e-57
IN,7.5,-0.12160196163905843,20646,4,9,3.503e-184
IN,9.5,-0.07528197723929704,12917,4,9,2.202e-48
IN,11.5,-0.04457473235065942,12890,4,9,6.663e-16
IN,13.5,-0.04480438961871195,12484,4,9,5.235e-17
IN,15.5,-0.018682394366197185,10224,4,9,0.01135
IN,17.5,-0.0504284844384303,10346,4,9,9.892e-16
IN,19.5,-0.04856550769763017,11562,4,9,3.144e-16
IN,21.5,-0.009238779389694848,9995,4,9,0.5166
IN,23.5,-0.009687068804773448,10726,4,9,0.08222
IN,25.5,0.006372704460966542,10760,4,9,0.5355
IN,27.5,-0.007911552313232983,10829,4,9,0.3617
IN,29.5,-0.040608967291436975,10884,4,9,4.724e-12
IN,31.0,-0.04707932178400295,5426,4,9,1.032e-09
LA,1.5,-0.10712202416320063,20196,7,6,9.615e-140
LA,3.5,-0.0644727864655796,35938,7,6,2.766e-85
LA,5.5,-0.06983396385035728,9516,7,6,1.73e-31
LA,7.5,-0.1321557372724875,7582,7,6,3.91e-88
LA,9.5,-0.07867424211597152,4915,7,6,1.341e-19
LA,11.5,-0.03603397602918187,5757,7,6,2.469e-06
LA,13.5,-0.04005623400365631,5470,7,6,1.895e-06
LA,15.5,-0.032527504124440255,4243,7,6,0.0002783
LA,17.5,-0.06401622767857143,4480,7,6,1.716e-15
LA,19.5,-0.04757156488549619,4716,7,6,1.1e-07
LA,21.5,-0.015239056356487545,3815,7,6,0.232
LA,23.5,-0.018057319485657766,4044,7,6,0.3031
LA,25.5,-0.007606184513161257,3913,7,6,0.2643
LA,27.5,-0.011311725334655432,4034,7,6,0.8373
LA,29.5,-0.0663785109561753,4016,7,6,5.155e-11
LA,31.0,-0.03256753056234719,2045,7,6,0.05905
SC,1.5,-0.16150430128840434,20180,7,10,4.899e-306
SC,3.5,-0.0592991921793596,34166,7,10,1.754e-72
SC,5.5,-0.09048926091269842,8064,7,10,1.14e-40
SC,7.5,-0.1072226290097629,5736,7,10,9.644e-40
SC,9.5,-0.10173292480953958,3019,7,10,4.305e-19
SC,11.5,-0.05351958250497019,3018,7,10,1.814e-06
SC,13.5,-0.05799324424647363,2694,7,10,2.816e-05
SC,15.5,-0.04147519274376417,2205,7,10,0.000677
SC,17.5,-0.0474918688230009,2226,7,10,8.145e-05
SC,19.5,-0.042578316633266534,2495,7,10,2.358e-05
SC,21.5,-0.03912412898443291,2698,7,10,0.002127
SC,23.5,-0.031684197681513114,3278,7,10,0.000739
SC,25.5,-0.006468987712112344,3418,7,10,0.4847
SC,27.5,-0.016944132334581773,3204,7,10,0.327
SC,29.5,-0.05819166924744503,3229,7,10,2.213e-05
SC,31.0,-0.050287359999999996,1875,7,10,0.0004721
NJ,1.5,-0.12953940783986656,28776,4,12,5.004e-265
NJ,3.5,-0.06968940044529262,50304,4,12,1.846e-142
NJ,5.5,-0.06499747065399665,14312,4,12,4.68e-34
NJ,7.5,-0.12913227061391025,10539,4,12,3.492e-109
NJ,9.5,-0.09272264236215727,6638,4,12,3.327e-41
NJ,11.5,-0.054031594769277026,6653,4,12,1.663e-13
NJ,13.5,-0.040015838509316774,5796,4,12,4.275e-09
NJ,15.5,-0.02491434443074394,4866,4,12,0.006402
NJ,17.5,-0.05647221544715447,4920,4,12,2.444e-11
NJ,19.5,-0.05768046641791044,5360,4,12,4.968e-12
NJ,21.5,-0.018513157894736842,4902,4,12,0.004225
NJ,23.5,-0.02207558582014821,4993,4,12,0.02163
NJ,25.5,-0.03353717054263566,5160,4,12,9.366e-05
NJ,27.5,-0.030754501452081317,5165,4,12,0.0002159
NJ,29.5,-0.06810709313264346,5315,4,12,3.716e-16
NJ,31.0,-0.050901393242772555,2871,4,12,2.703e-06
DE,1.5,-0.07273743438320211,12192,5,12,1.876e-41
DE,3.5,-0.1185273668639053,20280,5,12,1.349e-172
DE,5.5,-0.04386336134453782,5950,5,12,2.998e-06
DE,7.5,-0.14641797683078195,4834,5,12,3.513e-63
DE,9.5,-0.06768090225563911,2660,5,12,6.098e-07
DE,11.5,-0.03287590770274856,2947,5,12,0.0001608
DE,13.5,-0.016114171309192203,2872,5,12,0.1822
DE,15.5,-0.002838597149287324,2666,5,12,0.6179
DE,17.5,-0.04633763575605681,2394,5,12,0.0007163
DE,19.5,-0.062162582910651576,2563,5,12,4.346e-09
DE,21.5,-0.0009406471183013148,1978,5,12,0.6282
DE,23.5,0.0014626680455015499,1934,5,12,0.5899
DE,25.5,0.04140943204868154,1972,5,12,0.0006031
DE,27.5,-0.003958667334669336,1996,5,12,0.4996
DE,29.5,-0.017660239708181345,1919,5,12,0.1163
DE,31.0,0.006784381338742391,986,5,12,0.5314
CO,1.5,-0.15389842654735272,26820,5,5,0.0
CO,3.5,-0.0636125066477575,45128,5,5,7.095e-115
CO,5.5,-0.08928885537386888,12598,5,5,4.154e-65
CO,7.5,-0.12654663223140497,9680,5,5,1.595e-92
CO,9.5,-0.08235803373658204,5869,5,5,2.488e-29
CO,11.5,-0.05643275379696243,5004,5,5,6.267e-11
CO,13.5,-0.04277269443263919,4706,5,5,2.241e-09
CO,15.5,-0.010931194209891434,4145,5,5,0.01693
CO,17.5,-0.051318897842474655,3847,5,5,3.118e-07
CO,19.5,-0.04947638091029606,4526,5,5,2.321e-08
CO,21.5,-0.0479370832272843,3929,5,5,2.9e-09
CO,23.5,-0.0429727752293578,4360,5,5,5.861e-06
CO,25.5,-0.0096971350326522,4747,5,5,0.2219
CO,27.5,-0.036098049444318436,4409,5,5,4.911e-05
CO,29.5,-0.0716346604733466,4521,5,5,1.499e-13
CO,31.0,-0.07170107794361526,2412,5,5,1.735e-08
PA,1.5,-0.1441977153125401,46746,4,11,0.0
PA,3.5,-0.06636923323155718,81224,4,11,4.743e-223
PA,5.5,-0.10204360859188544,20950,4,11,6.853e-133
PA,7.5,-0.11904130584623097,15959,4,11,9.519e-131
PA,9.5,-0.09200426919656093,10119,4,11,2.585e-56
PA,11.5,-0.04710348050273929,9309,4,11,1.174e-13
PA,13.5,-0.052352900045850526,8724,4,11,3.425e-15
PA,15.5,-0.009143535911602213,7240,4,11,0.4694
PA,17.5,-0.04004538842013384,6874,4,11,3.73e-08
PA,19.5,-0.04874172053704624,8044,4,11,7.217e-14
PA,21.5,-0.018667850599013387,7095,4,11,0.02358
PA,23.5,-0.0186373198482933,7910,4,11,0.007612
PA,25.5,-0.014858932186234818,7904,4,11,0.01617
PA,27.5,-0.03430245996156309,7805,4,11,4.567e-07
PA,29.5,-0.06497898034398035,8140,4,11,3.008e-20
PA,31.0,-0.05783370760769936,4364,4,11,1.595e-12
WA,1.5,-0.11732853647610186,58038,3,3,0.0
WA,3.5,-0.05762498325892857,107520,3,3,2.179e-223
WA,5.5,-0.06926742039355992,27950,3,3,3.068e-80
WA,7.5,-0.07725630387461907,22970,3,3,7.032e-83
WA,9.5,-0.07474232648247978,11872,3,3,6.629e-39
WA,11.5,-0.03801601316970967,10023,3,3,9.101e-11
WA,13.5,-0.04025107085775173,9385,3,3,1.167e-10
WA,15.5,-0.013016349245609692,8086,3,3,0.003906
WA,17.5,-0.03609961172847771,7469,3,3,3.85e-08
WA,19.5,-0.04889734857412208,8486,3,3,7.329e-12
WA,21.5,-0.013780699669966997,7575,3,3,0.02666
WA,23.5,-0.002996811358082159,8593,3,3,0.659
WA,25.5,-0.014708157589803015,8630,3,3,0.00792
WA,27.5,-0.019376687116564414,8639,3,3,0.01093
WA,29.5,-0.05076146144994246,8690,3,3,1.233e-18
WA,31.0,-0.043013737734165926,4484,3,3,1.396e-06
CT,1.5,-0.11665861035811102,14018,3,12,2.657e-112
CT,3.5,-0.09608816067653278,26488,3,12,5.374e-140
CT,5.5,-0.08280008976660681,6684,3,12,7.824e-32
CT,7.5,-0.123882034795764,5288,3,12,3.886e-51
CT,9.5,-0.07176564322996623,3257,3,12,2.413e-10
CT,11.5,-0.03874854593522802,3026,3,12,0.00206
CT,13.5,-0.04488086655112652,2885,3,12,3.293e-05
CT,15.5,0.002678408195429471,2538,3,12,0.6869
CT,17.5,-0.037908225806451604,2480,3,12,0.0001069
CT,19.5,-0.03624286221590909,2816,3,12,4.936e-05
CT,21.5,0.022243858202802967,2426,3,12,0.2031
CT,23.5,0.017698975859546454,2734,3,12,0.1921
CT,25.5,0.02729688302163549,2727,3,12,0.002443
CT,27.5,-4.954813359528526e-05,2545,3,12,0.6278
CT,29.5,-0.04283392789373813,2635,3,12,0.0004852
CT,31.0,-0.00011469583048530277,1463,3,12,0.4501
MD,1.5,-0.1241438122473129,20282,5,11,1.434e-179
MD,3.5,-0.08150327789699571,37280,5,11,2.028e-150
MD,5.5,-0.05195340848094471,11178,5,11,3.186e-22
MD,7.5,-0.09532243560777226,8852,5,11,4.972e-49
MD,9.5,-0.07549804649345575,5119,5,11,5.787e-22
MD,11.5,-0.045460828801800114,5333,5,11,7.177e-11
MD,13.5,-0.0319626387434555,4775,5,11,0.00029
MD,15.5,-0.018178063660477455,3770,5,11,0.1785
MD,17.5,-0.046225430920180326,3771,5,11,1.95e-06
MD,19.5,-0.042430380333951766,4312,5,11,8.237e-07
MD,21.5,-0.029549645390070923,3525,5,11,0.01109
MD,23.5,-0.029032754342431757,3627,5,11,0.003521
MD,25.5,-0.005799807268722468,3632,5,11,0.508
MD,27.5,-0.009421222315671428,3567,5,11,0.06288
MD,29.5,-0.04781149509803921,4080,5,11,5.081e-08
MD,31.0,-0.08057151364764269,2015,5,11,2.551e-11
ME,1.5,-0.12435695543994571,8842,1,13,2.358e-79
ME,3.5,-0.10120490772385511,14630,1,13,1.851e-92
ME,5.5,-0.09339568421052631,3800,1,13,2.421e-19
ME,7.5,-0.14111071199486852,3118,1,13,2.242e-41
ME,9.5,-0.07990814010853477,2027,1,13,1.662e-07
ME,11.5,-0.0333626788780767,1747,1,13,0.02182
ME,13.5,-0.03659251366120219,1830,1,13,0.003196
ME,15.5,-0.013448575399583043,1439,1,13,0.4587
ME,17.5,-0.04065913461538462,1456,1,13,0.01249
ME,19.5,-0.05676733608978145,1693,1,13,1.031e-05
ME,21.5,-0.0022683333333333388,1440,1,13,0.7154
ME,23.5,-0.01720858618463525,1549,1,13,0.1444
ME,25.5,-0.022779859649122807,1425,1,13,0.2937
ME,27.5,-0.014637924016282226,1474,1,13,0.5578
ME,29.5,-0.013937780713342143,1514,1,13,0.304
ME,31.0,-0.06551158690176323,794,1,13,0.0193
IL,1.5,-0.1299464909374852,42262,4,8,0.0
IL,3.5,-0.07347877347086793,74454,4,8,2.221e-242
IL,5.5,-0.09526900758663114,19508,4,8,1.37e-103
IL,7.5,-0.1305947720125786,15264,4,8,1.87e-151
IL,9.5,-0.10593258972833632,10086,4,8,1.601e-65
IL,11.5,-0.04749161036603811,9917,4,8,1.702e-18
IL,13.5,-0.05371629910760078,9749,4,8,9.691e-20
IL,15.5,-0.02789793268624732,7933,4,8,6.235e-05
IL,17.5,-0.049516922665954324,7487,4,8,2.006e-13
IL,19.5,-0.05407332514515408,8956,4,8,5.023e-18
IL,21.5,-0.029108339001496397,7351,4,8,5.125e-06
IL,23.5,-0.03966161080937873,7549,4,8,8.423e-09
IL,25.5,-0.024790218806980988,7678,4,8,0.008032
IL,27.5,-0.02719894283958205,8135,4,8,0.001644
IL,29.5,-0.06827524032536357,8114,4,8,2.7e-23
IL,31.0,-0.06444960036538022,4379,4,8,5.08e-13
MO,1.5,-0.1472178782536555,19286,5,7,2.165e-238
MO,3.5,-0.06549263712510132,29608,5,7,2.877e-78
MO,5.5,-0.09303100288033517,7638,5,7,1.097e-43
MO,7.5,-0.11518548245614034,6840,5,7,1.6e-57
MO,9.5,-0.0914384965380811,5055,5,7,1.773e-26
MO,11.5,-0.029464170175049858,4513,5,7,0.0001005
MO,13.5,-0.04329208204149774,4193,5,7,4.253e-07
MO,15.5,-0.002476236263736264,3640,5,7,0.9004
MO,17.5,-0.043775282969202425,3799,5,7,8.138e-07
MO,19.5,-0.048528817674192766,4119,5,7,2.937e-06
MO,21.5,-0.01566824138982018,3281,5,7,0.1537
MO,23.5,-0.04439455337690631,3213,5,7,8.604e-09
MO,25.5,-0.030897824059682936,3217,5,7,0.005805
MO,27.5,-0.020787499999999997,3080,5,7,0.03749
MO,29.5,-0.06940684348395547,3054,5,7,1.128e-09
MO,31.0,-0.05368832861189802,1765,5,7,0.0006464
WI,1.5,-0.16151694067190853,13990,3,8,1.444e-214
WI,3.5,-0.07231642067976723,23714,3,8,1.89e-73
WI,5.5,-0.0994805024769993,5652,3,8,7.804e-37
WI,7.5,-0.14320466992146041,4711,3,8,5.096e-57
WI,9.5,-0.11583065743944637,2890,3,8,7.063e-29
WI,11.5,-0.05050276580459769,2784,3,8,1.135e-06
WI,13.5,-0.07201865615615616,2664,3,8,7.537e-09
WI,15.5,-0.02717513992537313,2144,3,8,0.001096
WI,17.5,-0.039783960880195604,2045,3,8,1.628e-05
WI,19.5,-0.07179831898318983,2439,3,8,6.534e-12
WI,21.5,-0.057111131898971004,2138,3,8,2.556e-06
WI,23.5,-0.04182673753066231,2446,3,8,3.141e-06
WI,25.5,-0.01129982884039367,2337,3,8,0.3186
WI,27.5,-0.035114279852277386,2437,3,8,0.004994
WI,29.5,-0.07985104250200481,2494,3,8,5.598e-11
WI,31.0,-0.08740937269372694,1355,3,8,3.199e-07
OH,1.5,-0.12442948103703041,44666,4,10,0.0
OH,3.5,-0.06471094362375641,79608,4,10,1.212e-197
OH,5.5,-0.08251369731800766,20880,4,10,3.022e-86
OH,7.5,-0.11913752417794972,14993,4,10,6.106e-128
OH,9.5,-0.07609737583061155,8879,4,10,1.476e-32
OH,11.5,-0.0399471254259646,9097,4,10,1.35e-12
OH,13.5,-0.04793045666584827,8146,4,10,1.207e-12
OH,15.5,-0.0076273917421953675,6951,4,10,0.2492
OH,17.5,-0.04789011537262239,6414,4,10,3.599e-13
OH,19.5,-0.05954887175092831,7002,4,10,1.32e-16
OH,21.5,-0.017066714926885766,6907,4,10,0.001819
OH,23.5,-0.0011202039040159137,8043,4,10,0.4392
OH,25.5,0.008115192332599403,7721,4,10,0.05882
OH,27.5,0.0011339946118050467,8166,4,10,0.7241
OH,29.5,-0.017961769974919387,8373,4,10,0.0264
OH,31.0,-0.029036069651741294,4422,4,10,0.0005803
NM,1.5,-0.1633188756189921,6866,6,5,2.896e-108
NM,3.5,-0.08146638393629911,11554,6,5,2.948e-50
NM,5.5,-0.13454361628709455,2898,6,5,2.272e-33
NM,7.5,-0.14273692174664937,2313,6,5,7.699e-31
NM,9.5,-0.06965589488636365,1408,6,5,4.019e-05
NM,11.5,-0.05526863330843913,1339,6,5,0.0007781
NM,13.5,-0.051233439490445856,1256,6,5,0.0005258
NM,15.5,-0.03909420731707318,984,6,5,0.02158
NM,17.5,-0.02636941986234021,1017,6,5,0.2446
NM,19.5,-0.03575881370091896,1197,6,5,0.03439
NM,21.5,-0.06183181818181818,968,6,5,0.01348
NM,23.5,-0.050753153988868274,1078,6,5,0.009655
NM,25.5,-0.03042293657688966,1151,6,5,0.007178
NM,27.5,-0.05535638389031705,1167,6,5,8.759e-05
NM,29.5,-0.0758516323024055,1164,6,5,2.783e-05
NM,31.0,-0.018809936908517354,634,6,5,0.5928
MA,1.5,-0.12037509194041014,32086,2,13,8.875e-273
MA,3.5,-0.06390573832159223,58484,2,13,1.606e-151
MA,5.5,-0.0814106572645024,15032,2,13,2.797e-65
MA,7.5,-0.08633046742552677,12387,2,13,7.468e-56
MA,9.5,-0.06651799276672694,7742,2,13,9.866e-20
MA,11.5,-0.011683645819077597,7307,2,13,0.004596
MA,13.5,-0.037656424581005585,6623,2,13,5.432e-06
MA,15.5,0.005239559304527456,5809,2,13,0.3495
MA,17.5,-0.03167240592930445,5262,2,13,0.0002186
MA,19.5,-0.028548225934765314,6285,2,13,7.947e-06
MA,21.5,-0.01247385876653624,5367,2,13,0.05078
MA,23.5,-0.013599815776251883,5971,2,13,0.2902
MA,25.5,0.017021586836102963,6138,2,13,0.03277
MA,27.5,0.005051362260343089,5946,2,13,0.4213
MA,29.5,-0.03546987211426673,6021,2,13,1.45e-05
MA,31.0,-0.013586586493987047,3243,2,13,0.09753
AL,1.5,-0.1352284622847441,16492,7,8,2.141e-170
AL,3.5,-0.05674739524723638,30214,7,8,3.146e-60
AL,5.5,-0.0693889044158748,7156,7,8,3.885e-21
AL,7.5,-0.1057340119070482,5207,7,8,1.894e-38
AL,9.5,-0.08696243188987668,3487,7,8,1.317e-16
AL,11.5,-0.017051132129550013,3489,7,8,0.1895
AL,13.5,-0.030234941810956574,3523,7,8,0.0008151
AL,15.5,-0.026187307692307694,2860,7,8,0.0003646
AL,17.5,-0.05153821634452357,2949,7,8,5.568e-08
AL,19.5,-0.032346460866853756,3207,7,8,0.01408
AL,21.5,-0.004091608133086877,2705,7,8,0.949
AL,23.5,0.017219108082997835,3229,7,8,0.07383
AL,25.5,0.0033937577639751547,3220,7,8,0.7465
AL,27.5,0.0029830426356589152,3096,7,8,0.6793
AL,29.5,-0.041408669418863134,3149,7,8,2.678e-06
AL,31.0,-0.04011824561403509,1710,7,8,0.003273
OK,1.5,-0.14188500276701715,10842,6,6,9.52e-116
OK,3.5,-0.05746240945057395,17946,6,6,1.448e-35
OK,5.5,-0.07668023152270703,4492,6,6,2.269e-16
OK,7.5,-0.1335782634203579,3409,6,6,1.339e-37
OK,9.5,-0.10456698412698413,2205,6,6,4.844e-16
OK,11.5,-0.026742483959670032,2182,6,6,0.03225
OK,13.5,-0.06038067266698248,2111,6,6,6.047e-09
OK,15.5,-0.019285416666666673,1776,6,6,0.3213
OK,17.5,-0.037999718309859154,1775,6,6,0.0003303
OK,19.5,-0.04066479920674269,2017,6,6,0.007304
OK,21.5,-0.04633796477495108,1533,6,6,0.001704
OK,23.5,-0.048617160087719304,1824,6,6,0.002994
OK,25.5,-0.03527037457434733,1762,6,6,0.006875
OK,27.5,-0.04100906547285955,1787,6,6,0.01693
OK,29.5,-0.06177194666666667,1875,6,6,0.0001552
OK,31.0,-0.03369393939393939,1023,6,6,0.1168
WY,1.5,-0.14582843256379102,1646,4,5,1.88e-22
WY,3.5,-0.050790059790732436,2676,4,5,7.823e-06
WY,5.5,-0.12020213523131673,562,4,5,3.077e-06
WY,7.5,-0.16483156732891832,453,4,5,1.787e-10
WY,9.5,-0.11337032258064517,310,4,5,0.003425
WY,11.5,-0.024892561983471076,242,4,5,0.4974
WY,13.5,-0.16864015151515152,264,4,5,0.0004817
WY,15.5,-0.04922081218274111,197,4,5,0.5349
WY,17.5,-0.07564975369458128,203,4,5,0.00971
WY,19.5,-0.07398726591760298,267,4,5,0.04253
WY,21.5,-0.01144409090909091,220,4,5,0.6704
WY,23.5,-0.05244535315985131,269,4,5,0.1118
WY,25.5,-0.07447316176470588,272,4,5,0.002459
WY,27.5,-0.08528867924528301,265,4,5,0.0335
WY,29.5,-0.06307475409836065,305,4,5,0.02951
WY,31.0,-0.066676875,160,4,5,0.2346
MT,1.5,-0.16942957093158098,5174,3,4,2.991e-85
MT,3.5,-0.04670181228022721,7394,3,4,1.048e-09
MT,5.5,-0.10975794813979707,1774,3,4,2.743e-14
MT,7.5,-0.13785075034106412,1466,3,4,3.857e-16
MT,9.5,-0.11785746753246754,924,3,4,2.244e-11
MT,11.5,-0.07747389380530972,678,3,4,0.002999
MT,13.5,-0.050831508875739645,676,3,4,0.0001659
MT,15.5,-0.050800683760683765,585,3,4,0.08805
MT,17.5,-0.07556831119544592,527,3,4,0.004015
MT,19.5,-0.06860874074074073,675,3,4,0.0002131
MT,21.5,-0.019745075125208685,599,3,4,0.3496
MT,23.5,-0.049170058997050146,678,3,4,0.004374
MT,25.5,-0.045426676176890154,701,3,4,0.149
MT,27.5,-0.06874958217270195,718,3,4,0.001333
MT,29.5,-0.058133139534883714,688,3,4,0.01
MT,31.0,-0.051142349726775956,366,3,4,0.5338
KY,1.5,-0.1583277332897532,12238,5,8,6.477e-166
KY,3.5,-0.06411464601330553,20142,5,8,1.045e-45
KY,5.5,-0.10076186696900984,5292,5,8,4.006e-37
KY,7.5,-0.12570960788809907,4361,5,8,2.147e-38
KY,9.5,-0.08625942350332594,2706,5,8,1.046e-12
KY,11.5,-0.03291996779388084,2484,5,8,0.007467
KY,13.5,-0.06344075286415712,2444,5,8,3.469e-10
KY,15.5,-0.0016501554404145062,1930,5,8,0.6788
KY,17.5,-0.06841612090680099,1985,5,8,2.745e-06
KY,19.5,-0.04562771352313167,2248,5,8,0.0003557
KY,21.5,-0.025928990731204946,1942,5,8,0.01004
KY,23.5,-0.05472524227041993,2167,5,8,2.788e-06
KY,25.5,-0.028635623159960745,2038,5,8,0.05729
KY,27.5,-0.008805714285714285,2030,5,8,0.9772
KY,29.5,-0.04803765792031098,2058,5,8,0.0004843
KY,31.0,-0.05603024691358024,1134,5,8,0.0008737
MN,1.5,-0.14404583554376657,18850,3,7,6.826e-224
MN,3.5,-0.07551789590689158,30588,3,7,9.663e-101
MN,5.5,-0.10800819401930777,8494,3,7,1.195e-65
MN,7.5,-0.13239827537058152,7016,3,7,1.147e-68
MN,9.5,-0.09155196538936959,4045,3,7,4.508e-21
MN,11.5,-0.046785568181818185,3520,3,7,9.164e-08
MN,13.5,-0.04469152105413922,3491,3,7,1.92e-06
MN,15.5,-0.0006863085489682265,3053,3,7,0.5588
MN,17.5,-0.04942524578651686,2848,3,7,0.0003754
MN,19.5,-0.057504412218451095,3241,3,7,5.569e-08
MN,21.5,-0.03457566031427616,2991,3,7,0.01039
MN,23.5,-0.01704877410918601,3059,3,7,0.1102
MN,25.5,0.0020202762268586535,3403,3,7,0.9011
MN,27.5,-0.032395334620334615,3108,3,7,0.0007271
MN,29.5,-0.06426156192800488,3278,3,7,3.802e-09
MN,31.0,-0.047440979955456576,1796,3,7,0.001166
KS,1.5,-0.13998419361317535,9958,5,6,7.215e-111
KS,3.5,-0.05602650602409639,16268,5,6,4.539e-33
KS,5.5,-0.10336542680019076,4194,5,6,5.81e-22
KS,7.5,-0.14153713868613138,3425,5,6,5.65e-40
KS,9.5,-0.10221419840150447,2127,5,6,1.759e-14
KS,11.5,-0.048851355421686754,1992,5,6,5.676e-06
KS,13.5,-0.06851330916623512,1931,5,6,1.372e-06
KS,15.5,-0.025144032663316586,1592,5,6,0.04044
KS,17.5,-0.04993386114494519,1642,5,6,0.003737
KS,19.5,-0.03448796680497926,1687,5,6,0.006309
KS,21.5,-0.043894298820445606,1526,5,6,0.01666
KS,23.5,-0.023922319749216298,1595,5,6,0.2397
KS,25.5,-0.010147571090047394,1688,5,6,0.8509
KS,27.5,-0.03266391816491011,1613,5,6,0.06192
KS,29.5,-0.06912552664188353,1614,5,6,2.55e-06
KS,31.0,-0.10420023724792409,843,5,6,1.263e-06
AZ,1.5,-0.16014126370455856,34660,6,4,0.0
AZ,3.5,-0.07041642559009786,55584,6,4,1.18e-157
AZ,5.5,-0.11770700202957379,13796,6,4,9.185e-112
AZ,7.5,-0.1433792828685259,11044,6,4,2.867e-134
AZ,9.5,-0.11850577294020392,7258,6,4,1.207e-66
AZ,11.5,-0.06907212083071115,6356,6,4,6.125e-24
AZ,13.5,-0.07027192095588235,6528,6,4,2.5e-20
AZ,15.5,-0.04372984095427436,5030,6,4,7.683e-08
AZ,17.5,-0.07022352369852371,5148,6,4,2.093e-17
AZ,19.5,-0.06415581996896016,5799,6,4,7.368e-17
AZ,21.5,-0.05800967932323431,5083,6,4,7.97e-10
AZ,23.5,-0.04453522603978301,5530,6,4,6.315e-09
AZ,25.5,-0.0386373966199209,5562,6,4,0.0001263
AZ,27.5,-0.05658261412268188,5608,6,4,2.55e-12
AZ,29.5,-0.07231372515998653,5938,6,4,2.576e-20
AZ,31.0,-0.059162603437301085,3142,6,4,1.599e-08
ND,1.5,-0.10684235104669886,1242,3,5,6.295e-08
ND,3.5,-0.027006958762886602,2328,3,5,0.01726
ND,5.5,-0.06723725490196078,612,3,5,0.0003688
ND,7.5,-0.16434423868312759,486,3,5,5.588e-09
ND,9.5,-0.11034715447154471,246,3,5,0.002115
ND,11.5,0.0008265624999999992,256,3,5,0.8571
ND,13.5,-0.02517169811320755,265,3,5,0.6152
ND,15.5,-0.034336220472440955,254,3,5,0.7492
ND,17.5,-0.040824623115577885,199,3,5,0.8048
ND,19.5,-0.0464358695652174,276,3,5,0.04344
ND,21.5,-0.05206291666666667,240,3,5,0.1463
ND,23.5,-0.099962,200,3,5,0.09433
ND,25.5,-0.0010076000000000037,250,3,5,0.7745
ND,27.5,0.07469642857142858,224,3,5,0.003605
ND,29.5,-0.04367966101694915,236,3,5,0.2625
ND,31.0,-0.06972836879432624,141,3,5,0.08626
NV,1.5,-0.15381479268729836,16738,5,3,2.002e-230
NV,3.5,-0.073824597322643,27938,5,3,4.042e-98
NV,5.5,-0.0839056594365495,8022,5,3,1.256e-35
NV,7.5,-0.13496732705960046,6057,5,3,2.883e-66
NV,9.5,-0.09970167050691243,3472,5,3,1.901e-22
NV,11.5,-0.05463876015648511,3323,5,3,8.963e-07
NV,13.5,-0.05361966704288939,3544,5,3,1.433e-07
NV,15.5,-0.05775871822413177,2793,5,3,1.924e-06
NV,17.5,-0.0628408065618592,2926,5,3,1.446e-08
NV,19.5,-0.056293934371892604,3017,5,3,3.123e-07
NV,21.5,-0.034541848947585635,2423,5,3,0.001059
NV,23.5,-0.03365109518120271,2511,5,3,0.007808
NV,25.5,-0.01100852211434736,2781,5,3,0.3089
NV,27.5,-0.03414279677295428,2603,5,3,0.004628
NV,29.5,-0.06743231090972464,2869,5,3,1.086e-09
NV,31.0,-0.07475156980627923,1497,5,3,1.22e-07
SD,1.5,-0.16505836298932386,1686,3,6,1.735e-25
SD,3.5,-0.05887927120669056,3348,3,6,2.587e-10
SD,5.5,-0.11916206030150756,796,3,6,1.204e-07
SD,7.5,-0.19672335766423354,548,3,6,5.394e-12
SD,9.5,-0.09105254237288132,354,3,6,0.004411
SD,11.5,-0.08382974504249292,353,3,6,0.0006318
SD,13.5,-0.08873138888888889,360,3,6,0.01051
SD,15.5,0.016201365187713306,293,3,6,0.4139
SD,17.5,-0.028051672862453535,269,3,6,0.6224
SD,19.5,-0.02784909638554217,332,3,6,0.4575
SD,21.5,-0.08259008620689655,232,3,6,0.0545
SD,23.5,-0.013575399361022377,313,3,6,0.7982
SD,25.5,-0.035830479452054795,292,3,6,0.01275
SD,27.5,-0.016062222222222214,270,3,6,0.03962
SD,29.5,-0.033681784386617106,269,3,6,0.335
SD,31.0,-0.07995479452054796,146,3,6,0.2663
VT,1.5,-0.1740357857142857,2800,2,11,2.436e-50
VT,3.5,-0.06679486597001363,4402,2,11,2.075e-14
VT,5.5,-0.12312430939226521,1086,2,11,1.103e-12
VT,7.5,-0.09623544303797468,948,2,11,8.965e-09
VT,9.5,-0.09360519230769229,520,2,11,0.0008535
VT,11.5,-0.04427045454545454,440,2,11,0.07091
VT,13.5,-0.02389653767820774,491,2,11,0.5416
VT,15.5,-0.05049783783783785,370,2,11,0.2259
VT,17.5,-0.12694166666666667,348,2,11,0.0002909
VT,19.5,0.008676642335766432,411,2,11,0.94
VT,21.5,0.02338888888888889,441,2,11,0.4323
VT,23.5,-0.05342930327868853,488,2,11,0.07827
VT,25.5,-0.00623547758284601,513,2,11,0.6532
VT,27.5,0.0032854508196721328,488,2,11,0.9225
VT,29.5,-0.061076119402985074,469,2,11,0.009659
VT,31.0,-0.08881397849462366,279,2,11,0.008581
TN,1.5,-0.16018238944918542,25780,6,8,0.0
TN,3.5,-0.056123382469331226,40432,6,8,1.163e-80
TN,5.5,-0.06801556016597511,10604,6,8,1.536e-32
TN,7.5,-0.13819531082529476,7464,6,8,3.565e-77
TN,9.5,-0.08944678517397882,5288,6,8,6.929e-26
TN,11.5,-0.05431935483870969,5115,6,8,8.098e-08
TN,13.5,-0.06779472301291878,4567,6,8,2.005e-14
TN,15.5,-0.013260328133405058,3718,6,8,0.1544
TN,17.5,-0.05414803129074316,3835,6,8,5.517e-08
TN,19.5,-0.063104077849861,4316,6,8,2.243e-11
TN,21.5,-0.014451249671139178,3801,6,8,0.2739
TN,23.5,-0.01679515062454078,4083,6,8,0.037
TN,25.5,-0.02062175189625642,4087,6,8,0.001492
TN,27.5,-0.021573250000000002,4000,6,8,0.03918
TN,29.5,-0.07348916256157637,4263,6,8,5.106e-18
TN,31.0,-0.05175600335852224,2382,6,8,4.165e-05
OR,1.5,-0.13967767354596622,28782,4,3,0.0
OR,3.5,-0.0786971953240862,45852,4,3,2.991e-179
OR,5.5,-0.11177016509433965,11872,4,3,2.726e-85
OR,7.5,-0.1170972406290179,10111,4,3,1.372e-86
OR,9.5,-0.10206131282418171,5591,4,3,8.299e-36
OR,11.5,-0.0499419646799117,4530,4,3,3.153e-09
OR,13.5,-0.052163564929693956,4836,4,3,2.165e-09
OR,15.5,-0.032392873446614255,3943,4,3,6.081e-05
OR,17.5,-0.05564254232733137,3721,4,3,7.67e-09
OR,19.5,-0.0479798094795539,4304,4,3,4.681e-06
OR,21.5,-0.041611945945945944,3700,4,3,3.236e-05
OR,23.5,-0.048329441502166594,4154,4,3,2.272e-07
OR,25.5,-0.044101261387526285,4281,4,3,1.578e-06
OR,27.5,-0.04833189774297559,4342,4,3,3.262e-07
OR,29.5,-0.09569217758985202,4257,4,3,1.985e-25
OR,31.0,-0.0888739246119734,2255,4,3,1.353e-13
DC,1.5,-0.11833596036723935,22002,5,10,3.167e-188
DC,3.5,-0.03653057933147131,44396,5,10,7.738e-44
DC,5.5,-0.06533595767575322,11152,5,10,3.415e-32
DC,7.5,-0.06760709798302657,9073,5,10,1.217e-27
DC,9.5,-0.05512730725408279,5266,5,10,6.969e-13
DC,11.5,-0.02965474226804124,4850,5,10,0.0004884
DC,13.5,-0.006960796170319979,3969,5,10,0.07126
DC,15.5,0.010984584123543752,3691,5,10,0.1751
DC,17.5,-0.02510153211549794,3394,5,10,0.1003
DC,19.5,-0.019114953751284684,3892,5,10,0.02392
DC,21.5,-0.015136962488563587,3279,5,10,0.2766
DC,23.5,-0.00141019984427719,3853,5,10,0.4557
DC,25.5,0.013251649410065014,4153,5,10,0.1954
DC,27.5,0.0030014884233737576,3628,5,10,0.9788
DC,29.5,-0.0335662176165803,3860,5,10,0.0005887
DC,31.0,-0.025346406109613653,2226,5,10,0.09408
AR,1.5,-0.16909805295950156,7704,6,7,4.694e-125
AR,3.5,-0.06598728916710138,11502,6,7,1.749e-32
AR,5.5,-0.11661513157894737,2736,6,7,3.875e-24
AR,7.5,-0.1398306073648972,2091,6,7,2.741e-25
AR,9.5,-0.10403195266272189,1521,6,7,4.095e-12
AR,11.5,-0.05007613721103654,1341,6,7,0.001501
AR,13.5,-0.06554430473372781,1352,6,7,8.336e-08
AR,15.5,-0.008484306220095699,1045,6,7,0.2627
AR,17.5,-0.08056100278551534,1077,6,7,3.815e-05
AR,19.5,-0.07500274858528698,1237,6,7,1.401e-05
AR,21.5,-0.028170085470085468,1053,6,7,0.08973
AR,23.5,-0.06290919148936172,1175,6,7,4.609e-05
AR,25.5,-0.04194398625429553,1164,6,7,0.02729
AR,27.5,-0.015479464285714282,1120,6,7,0.7691
AR,29.5,-0.11598734939759035,1162,6,7,2.024e-13
AR,31.0,-0.07669686028257457,637,6,7,0.001699
NH,1.5,-0.09646706473915777,9546,2,12,4.33e-53
NH,3.5,-0.09775019708316911,20296,2,12,5.751e-111
NH,5.5,-0.06400192386410153,4886,2,12,3.812e-12
NH,7.5,-0.1326237489632292,3617,2,12,2.356e-36
NH,9.5,-0.06512832917705735,2005,2,12,8.073e-09
NH,11.5,-0.014091455399061033,2130,2,12,0.892
NH,13.5,-0.00970853440571939,2238,2,12,0.1914
NH,15.5,-0.013931342546890425,2026,2,12,0.811
NH,17.5,0.00714080652904465,2083,2,12,0.1633
NH,19.5,-0.0020663072776280285,2226,2,12,0.3254
NH,21.5,0.010202335357309664,2141,2,12,0.3944
NH,23.5,0.048193242668933274,2353,2,12,7.884e-05
NH,25.5,0.051421898417985015,2402,2,12,0.0003309
NH,27.5,0.039243541300527235,2276,2,12,0.0004095
NH,29.5,0.008837410394265232,2232,2,12,0.3577
NH,31.0,0.00942662454873646,1108,2,12,0.5629
UT,1.5,-0.1391657874118569,7658,5,4,8.169e-82
UT,3.5,-0.05364466513460276,12184,5,4,1.311e-19
UT,5.5,-0.09177736085053159,3198,5,4,6.395e-19
UT,7.5,-0.13062615271117667,2711,5,4,3.305e-30
UT,9.5,-0.10219832635983264,1673,5,4,1.699e-13
UT,11.5,-0.0022596638655462227,1547,5,4,0.9941
UT,13.5,-0.04464804361770366,1559,5,4,4.656e-05
UT,15.5,0.01870569985569986,1386,5,4,0.6325
UT,17.5,-0.030582084409991387,1161,5,4,0.1622
UT,19.5,-0.03895970381917381,1283,5,4,0.02979
UT,21.5,-0.01228727984344422,1022,5,4,0.3779
UT,23.5,-0.016603380916604057,1331,5,4,0.2289
UT,25.5,-0.021401095461658838,1278,5,4,0.2365
UT,27.5,0.0006349358974358979,1248,5,4,0.5776
UT,29.5,-0.029427990970654624,1329,5,4,0.02683
UT,31.0,-0.06578875739644971,676,5,4,0.007476
RI,1.5,-0.06961675953707672,4666,3,13,8.355e-16
RI,3.5,-0.05299679467795585,6614,3,13,1.303e-10
RI,5.5,-0.08957075588599751,1614,3,13,9.321e-10
RI,7.5,-0.14512295311406578,1429,3,13,6.513e-19
RI,9.5,-0.0710319534282018,773,3,13,0.000298
RI,11.5,-0.011641655540720972,749,3,13,0.151
RI,13.5,-0.01710650406504065,738,3,13,0.369
RI,15.5,-0.03060830670926518,626,3,13,0.277
RI,17.5,-0.05471121951219513,615,3,13,0.01612
RI,19.5,-0.004822461538461542,650,3,13,0.9852
RI,21.5,-0.015903512014787433,541,3,13,0.9924
RI,23.5,-0.02654093023255814,645,3,13,0.6066
RI,25.5,-0.014339644012944993,618,3,13,0.2637
RI,27.5,-0.02515970394736842,608,3,13,0.747
RI,29.5,-0.0366460815047022,638,3,13,0.3636
RI,31.0,-0.08733323863636365,352,3,13,0.005496
NE,1.5,-0.15286305982347173,6118,4,6,5.719e-78
NE,3.5,-0.06658748502994012,10020,4,6,1.094e-28
NE,5.5,-0.0926724421209858,2678,4,6,5.848e-17
NE,7.5,-0.10449175675675676,2220,4,6,4.669e-16
NE,9.5,-0.07304719101123595,1335,4,6,7.846e-08
NE,11.5,-0.032817273497036406,1181,4,6,0.008791
NE,13.5,-0.05714026733500418,1197,4,6,1.768e-05
NE,15.5,0.025056498951781976,954,4,6,0.4985
NE,17.5,-0.04698646080760095,842,4,6,0.02166
NE,19.5,-0.04355325379609544,922,4,6,0.04291
NE,21.5,-0.01987425287356322,870,4,6,0.03626
NE,23.5,0.022312784935579782,1009,4,6,0.1898
NE,25.5,0.005935412667946261,1042,4,6,0.7147
NE,27.5,-0.004797014925373133,1072,4,6,0.8381
NE,29.5,-0.05054541284403669,1090,4,6,0.001461
NE,31.0,-0.02803981042654028,633,4,6,0.4626
MS,1.5,-0.13540073349633253,5726,7,7,6.052e-60
MS,3.5,-0.04404398918469218,9616,7,7,6.613e-11
MS,5.5,-0.0539216577540107,2244,7,7,0.001301
MS,7.5,-0.13632729344729344,1755,7,7,2.295e-22
MS,9.5,-0.08157971656333038,1129,7,7,1.139e-05
MS,11.5,-0.05281484551620195,1327,7,7,0.000969
MS,13.5,-0.04906271050521251,1247,7,7,0.0003551
MS,15.5,0.02308894792773645,941,7,7,0.09166
MS,17.5,-0.03954623217922607,982,7,7,0.04959
MS,19.5,-0.06319866284622733,1047,7,7,0.0032
MS,21.5,-0.014373348017621147,908,7,7,0.736
MS,23.5,-0.021059882583170257,1022,7,7,0.2646
MS,25.5,-0.00702106318956871,997,7,7,0.5374
MS,27.5,-0.015779648760330577,968,7,7,0.1738
MS,29.5,-0.050137758112094394,1017,7,7,0.003299
MS,31.0,-0.0367038888888889,540,7,7,0.3054
AK,1.5,-0.16754129739607126,4378,2,2,1.066e-64
AK,3.5,-0.07058430508474577,5900,2,2,1.244e-16
AK,5.5,-0.07776243718592965,1592,2,2,1.367e-06
AK,7.5,-0.1463699794379712,1459,2,2,7.335e-20
AK,9.5,-0.10317823383084576,804,2,2,3.894e-08
AK,11.5,-0.06727920634920635,630,2,2,0.0002947
AK,13.5,-0.08370951724137932,725,2,2,0.003055
AK,15.5,-0.03880330739299612,514,2,2,0.06635
AK,17.5,-0.09849449378330374,563,2,2,0.0004995
AK,19.5,-0.09407683333333333,600,2,2,0.0009147
AK,21.5,-0.030283333333333332,534,2,2,0.2717
AK,23.5,-0.05344256055363322,578,2,2,0.006137
AK,25.5,-0.04034645941278066,579,2,2,0.09298
AK,27.5,-0.021218281535648996,547,2,2,0.7575
AK,29.5,-0.057467950963222415,571,2,2,0.007167
AK,31.0,-0.13456883561643837,292,2,2,0.0002225
WV,1.5,-0.17776347639484977,4660,5,9,4.333e-83
WV,3.5,-0.06466556517178075,7626,5,9,1.521e-17
WV,5.5,-0.0914480957562568,1838,5,9,1.669e-10
WV,7.5,-0.09618615160349854,1372,5,9,2.528e-08
WV,9.5,-0.06501351909184727,969,5,9,6.465e-06
WV,11.5,-0.017924946921443738,942,5,9,0.2364
WV,13.5,-0.01666310679611651,824,5,9,0.1945
WV,15.5,-0.05567564935064935,616,5,9,0.002038
WV,17.5,-0.0396810773480663,724,5,9,0.1863
WV,19.5,-0.05999695290858727,722,5,9,0.0001381
WV,21.5,-0.01910227670753065,571,5,9,0.4904
WV,23.5,-0.040806828528072846,659,5,9,0.203
WV,25.5,-0.04625966767371601,662,5,9,0.01823
WV,27.5,-0.05284579439252336,642,5,9,0.02145
WV,29.5,-0.057608941877794334,671,5,9,0.02655
WV,31.0,-0.023320380434782618,368,5,9,0.1014
ID,1.5,-0.13080602925437032,5606,4,4,8.849e-53
ID,3.5,-0.061714265863825855,8636,4,4,7.945e-19
ID,5.5,-0.09078527918781726,1970,4,4,6.536e-12
ID,7.5,-0.12120160047421459,1687,4,4,4.241e-17
ID,9.5,-0.10798618113912231,1071,4,4,1.435e-09
ID,11.5,-0.06557656804733727,845,4,4,0.0288
ID,13.5,-0.04809225806451613,930,4,4,0.029
ID,15.5,-0.018466578947368417,760,4,4,0.1553
ID,17.5,-0.04862660427807488,748,4,4,0.002704
ID,19.5,-0.055654268292682926,820,4,4,0.01392
ID,21.5,-0.0769869760479042,668,4,4,0.004513
ID,23.5,-0.06807385377942998,807,4,4,9.817e-06
ID,25.5,-0.044118518518518515,891,4,4,0.01696
ID,27.5,-0.03888658682634731,835,4,4,0.03169
ID,29.5,-0.04331281767955801,905,4,4,0.0631
ID,31.0,-0.072519,500,4,4,0.01197
